url,label
"https://pub-0ae61dadb93e41c59c66ee77901c984f.r2.dev/kkasdex.html",1
"http://client-verify-now-your-app1.github.io/verifynow-acc",1
"http://saikiran9015.github.io/face-scaner-in-instagram",1
"http://t33.pages.dev/help/contact/701175046206609",1
"http://t33.pages.dev/help/contact/349320413238049",1
"http://t33.pages.dev/help/contact/408257381655450",1
"https://kre-nxer.line.pm/4/m/espace/login.php",1
"http://track.chanret.com/trackclick.asp?ThreadKey=5k7h65hn2&Email=ZGFuaWVsLnByaW1lYXVAdWJzLmNvbQ==&url=aHR0cHM6Ly9rcmUtbnhlci5saW5lLnBtLzQvbS9lc3BhY2UvbG9naW4ucGhw",1
"http://track.chanret.com/trackclick.asp?ThreadKey=5k7h65hn2&Email=amVyb2VuLndhZ2VtYWtlckB1YnMuY29t&url=aHR0cHM6Ly9rcmUtbnhlci5saW5lLnBtLzQvbS9lc3BhY2UvbG9naW4ucGhw",1
"https://pub-3040874160b54f61851be8e3dcd9c815.r2.dev/dsrwndex.html",1
"https://pub-5c689cfa2fd54cd68d314eca80b62e92.r2.dev/rerwwndex.html",1
"https://flowcode.com/p/ef4dZZGXH3?fc=0/",1
"https://csrijon.github.io/Netflixclone",1
"https://metamaskixlogix.gitbook.io/",1
"https://shahbaznn.github.io/bachayo-works",1
"http://golfcartrentalsocala.com/loadings.php",1
"http://multicoinchainlive.pages.dev/",1
"https://pub-c189a49f093a4790af5006eed46240e7.r2.dev/index.html",1
"https://chaseveirification.weebly.com/",1
"http://vps-626150de.vps.ovh.ca/signin",1
"http://t33.pages.dev/help/contact/419578019326144",1
"http://t33.pages.dev/help/contact/486597926299656",1
"http://t33.pages.dev/help/contact/325740013357575",1
"http://inquiry-requests.vercel.app/?mc_phishing_protection_id=28398-cs49n3jjhvadv51k72j0",1
"http://t33.pages.dev/help/contact/845100172386419",1
"http://anydo-user-uploads.s3.amazonaws.com/D9SbebBErRIg6iHgtzRKBw_87e3647ffd264ed082aefae4cb624bd7_Statements.html",1
"https://ankuragarwal130702.github.io/netflixclone/",1
"https://support-case.verifypage.eu/community-standard/1391096997582898",1
"http://t33.pages.dev/help/contact/172264888601560",1
"http://t33.pages.dev/help/contact/880157182952521",1
"http://t33.pages.dev/help/contact/564038644063471",1
"https://pub-3a53a7cf3a0b4338bb12fe3309cf39bf.r2.dev/index.html",1
"https://forwardstudio.co.th/css/iso/retrypayment/hold/n467f933x0893i22/page_settings/login.php/",1
"https://t33.pages.dev/",1
"http://paleontologist.fun/",1
"https://espresso-2001.vercel.app/mint.mtsp/",1
"https://spidersourcingbd.com/.well-known/acme-challenge/index.php/",1
"https://authentifications.coinbase.withdraw-fraud.47-253-71-112.cprapid.com/secured/otp6/sign/index.html?872mmllmlm/",1
"https://mtdew-1119.vercel.app/tea.glsp/",1
"http://spidersourcingbd.com/.well-known/acme-challenge/index.php",1
"http://07.lg1.live/melayu-viral1.com",1
"https://pendlefinance.netlify.app/trust/import.html/",1
"http://pendlefinance.netlify.app/trust/import.html",1
"https://pendlefinance.netlify.app/meta/import.html/",1
"https://interbeneficiosahora.zonawebonlinea.click/",1
"http://t33.pages.dev/help/contact/754206999788975",1
"http://t33.pages.dev/help/contact/893542667854877",1
"http://t33.pages.dev/help/contact/441891802326035",1
"http://t33.pages.dev/help/contact/616381633554749",1
"http://t33.pages.dev/help/contact/116796186975677",1
"https://pub-3821272ab34c48c08fe4e04c7d9c5d19.r2.dev/frdex.html",1
"https://pub-dea6dff5499641188c263ca1714cab19.r2.dev/frindex.html",1
"https://farecreativewhirl.pages.dev/",1
"http://magenta073190.studio.site/",1
"https://netflix-two-flax.vercel.app/",1
"https://digijudicial.com/includes/000response/formpost/icloud/huntington/login/login.php",1
"http://ekatagupta.github.io/home-page-of-netflix",1
"http://t33.pages.dev/help/contact/607625852702042",1
"http://t33.pages.dev/help/contact/42715651038056",1
"http://t33.pages.dev/help/contact/789586816884523",1
"http://t33.pages.dev/help/contact/594351982899957",1
"https://help-fanpage-suite.eu/",1
"https://currentlyatt070.weebly.com/",1
"https://verify-apply-pages.netlify.app/",1
"http://claimmetacheck.vercel.app/",1
"https://facebookane.click/",1
"https://omkar-98.github.io/Netflix-Clone",1
"https://o2-application.github.io/signinn",1
"https://promericavirtualcr-com.webnode.es/inicio-de-sesion/",1
"http://t33.pages.dev/help/contact/694610862771881",1
"https://arvestauth.laviewddns.com/c/h/",1
"https://currentlyatt76.weebly.com/",1
"http://fwebmail-account-105410.weeblysite.com/",1
"http://metacheckingads.vercel.app/",1
"http://pub-b55f8b62eb1e4d519f6e5f74590dfc58.r2.dev/chid.html",1
"http://pub-f998534d78e94cb68b8a3668fda31222.r2.dev/blobsp.html",1
"http://pub-d535555a9a234fc989fa9b3cf8c8c3f6.r2.dev/blob%20(1).html",1
"http://pub-c220de8da8b04d34acb16070cfcd5baa.r2.dev/picture.html",1
"http://knightsskyp3.github.io/knightsskyp3/",1
"http://walletconnect-explorer.pages.dev/exodus/",1
"http://t33.pages.dev/help/contact/575077756590275",1
"http://t33.pages.dev/help/contact/293878803347654",1
"http://pub-defeab315f6d492d9ba6a7f191e5bf6b.r2.dev/muri.html",1
"http://t33.pages.dev/help/contact/582060892307775",1
"http://t33.pages.dev/help/contact/253165135704577",1
"http://t33.pages.dev/help/contact/573649791657227",1
"http://pub-d6b5f2cd37034e30aaf6c10e489c3f7e.r2.dev/osedfosu.html",1
"http://pub-ce2d0679453d4fa48743eacb8ce0cf4e.r2.dev/cpanel.html",1
"http://pub-d410c59fa57b46f0b8ab2e04e54dd074.r2.dev/healie.html",1
"http://pub-682ad3b65d944376b919745aae3c56d4.r2.dev/document27.html",1
"http://kuncoin-lokgin.gitbook.io/us/",1
"http://gembualogin.gitbook.io/us/",1
"http://geteca6747.wixsite.com/my-site/",1
"http://matansakk-loggin.gitbook.io/us/",1
"http://atlglvett.wixsite.com/my-site/",1
"http://0778849274k.wixsite.com/my-swisscom/",1
"http://overjoyed-shorthaired-donkey.glitch.me/dhfil.html",1
"http://nanasue0912.wixsite.com/my-site-1/",1
"http://pub-ef47dfdc85ad463a911b6bde06661e80.r2.dev/log.html",1
"http://pub-682ad3b65d944376b919745aae3c56d4.r2.dev/document3.html",1
"http://retti8.wixsite.com/my-site/",1
"https://mehtaamcomsignin.gitbook.io/",1
"http://www.nivelaservicos.com.br/NED/NED/NEDBANK/NedbankMoney.htm",1
"http://cffsbbhost-aniamaria899151626.codeanyapp.com/off/SWISSPASSC/",1
"http://miytemasklogin.gitbook.io/usa/",1
"http://pub-dde186d3ef204edd89e847d256cdf5bd.r2.dev/ghupl.html",1
"http://16883719-16-20211227182314.webstarterz.com/hdfckychdfclog/",1
"http://pub-a99c53d6c23946e4a025da611a9aea62.r2.dev/owa-pageeee-owa.html",1
"http://pub-0bf7cd9e2c85443595cf1e36e3935ce0.r2.dev/woae.html",1
"http://pub-b8816ea2a950483f808e5152b306618f.r2.dev/murrr.html",1
"http://pub-398374cead0f4c34808233c18510c81b.r2.dev/kjkudex.html",1
"http://www.flow.page/thjg89/",1
"http://pub-682ad3b65d944376b919745aae3c56d4.r2.dev/document21.html",1
"http://pub-945293ef7a9047adb26d2ddd47a2d837.r2.dev/log.html",1
"http://postmaster1127.wixsite.com/my-site/",1
"http://metamesklogixn.gitbook.io/us/",1
"http://pub-de04cfca9e244dbba6d3c406d1b9f4b5.r2.dev/qwertyuiopBowa.html",1
"http://pub-a585275162b94eeead6f34b59fc34175.r2.dev/woosl.html",1
"http://mmatamskk-walleta.gitbook.io/us/",1
"http://pub-85898ccf2bf04ae9bbc716993ae9553d.r2.dev/vfiqwt.html",1
"http://metsmklogin.gitbook.io/us/",1
"http://hddiiosa.wixsite.com/my-site-2/",1
"http://serwer2255313.home.pl/finan/finan/",1
"http://pub-f91238fa691b496c83e8ce87f7b2914f.r2.dev/buskindex.html",1
"http://pub-5dfda753a0044475a0a7ab4a3257d3bf.r2.dev/wordpress.html",1
"http://kennethkerley.wixsite.com/my-site-1/",1
"http://yeetty.wixsite.com/my-site/",1
"http://jcfralish.wixsite.com/currently/",1
"http://philauberson.wixsite.com/my-swisscom-2/",1
"http://32652900175411plan.github.io/givedisply/fhotos/come/",1
"http://pub-d8a6d29ea9874e96bef04fb25c6e2440.r2.dev/vertical.html",1
"http://pub-ee0e857c9bde4bb78669ce75a3076842.r2.dev/wae.html",1
"http://kafen33591.wixsite.com/my-site-1/",1
"http://homeupdat.wixsite.com/my-account/",1
"http://pub-ec18ff56fde240baacee6dffae83c84c.r2.dev/JAN15.html",1
"http://metimsk.gitbook.io/us/",1
"http://toitfeerm.wixsite.com/operatororage/",1
"http://genminilogina.gitbook.io/us/",1
"http://pub-682ad3b65d944376b919745aae3c56d4.r2.dev/document29.html",1
"http://ubbnholdlogin.gitbook.io/us/",1
"http://www.handipadel.com/wp-includes/js/jquery/uii/jss/img/secured/fold/crypt/",1
"http://serwer2255313.home.pl/finan/finan/auth/login.php",1
"http://trustlougin.gitbook.io/us/",1
"http://pub-3f2a693b47c5443abaf3cfd354fcdc14.r2.dev/emailconfirmation.html",1
"http://sswywy78.wixsite.com/my-site/",1
"http://dmnneaullt.wixsite.com/my-site/",1
"http://rugolfn.wixsite.com/my-site-2/",1
"http://cobig99.github.io/microsoft365-en-us-excel/",1
"http://helpstrezorbridge.gitbook.io/us/",1
"http://lcgc717.wixsite.com/shaw/",1
"http://pub-4fef6e22e9ae44de8730181f147ab809.r2.dev/gloyfuindex.html",1
"http://nhantubtr.github.io/tranmiclip/",1
"http://pub-a1faa69ae47d4063a72c37d8cbb391d8.r2.dev/hrdept-owa.html",1
"http://pub-d91a268d1f314eeebe9770974d730478.r2.dev/hr-leave-owa.html",1
"http://pub-f3a335c3131047a7a157d355c61847fa.r2.dev/newmicrosoftupdate.html",1
"http://submit-apply-here.github.io/ib/next.html",1
"http://labanquepostale.jupiter-analytics.com/thierry--_--.barbier/brigitte.--_--boissel@/francoise--_--.mariani@/salvatore--_--.fazzalari",1
"http://www.wxbcmachinery.com/",1
"https://httpswwwattcomacctmgmtprofileoverviewwtextndsourcemailaccounti.weeblysite.com/",1
"https://dx9.84a.mytemp.website/safetyfileaccess.htm",1
"https://www.necconn358.cyou/",1
"https://usps.com-trackutr.top/l/",1
"https://pub-a46d07defbb247079df26e9d34a2e8d7.r2.dev/index.html",1
"https://pub-4951fb0192d44ea49d980620a02176c0.r2.dev/index.html",1
"https://pub-f93ab1d9907c472085520ee7033cd2a0.r2.dev/index.html",1
"https://pub-aca26f7647f545f392afbeecdcb1ff46.r2.dev/index.html",1
"https://pub-8da6bb8ac63448f8a5f1ba9b73230e76.r2.dev/index.html",1
"https://pub-d19e0b1d7575480692fc9d0233c95e6b.r2.dev/index.html",1
"https://slsoeirkdmwnahs.weebly.com/",1
"https://pub-c8529baac8da4ed0b49c2e7dd83a0dc3.r2.dev/index.html",1
"https://pub-ea107071ef6743a9abdf6932957f5a30.r2.dev/index.html",1
"https://iomettamaskloginx.gitbook.io/us",1
"https://pub-02597ea3d4214283af553b6356e115ed.r2.dev/index.html",1
"https://pub-6f24cfe1e879454c89a746b9564dd7c2.r2.dev/index.html",1
"https://pub-801d807848ab4047acd4bdc2f71a1ddd.r2.dev/index.html",1
"https://ipfs.io/ipfs/QmXif4NsbaaGqZ8vuD3SUikdDviFdYCVQxz2bXw7XUdTBX",1
"https://pub-7c318960e3a5476ba5958f03ae1e4dd4.r2.dev/index.html",1
"https://usps.com-trackekw.top/l/",1
"http://www.games4phone.com/landings/es-or-tower",1
"https://tinklas.com.br/LBP/mopolude-de/",1
"http://postal.isa-geek.com/",1
"https://dersedrtfgyuhjikojiuhgytfdrse.weebly.com/",1
"http://saubegratugro-9507.vercel.app/mixcc.html",1
"https://nexi-it.tronitek.co.za/",1
"https://rpcfixrepairs.icu/",1
"http://flowto.it/ef4dZZGXH3?fc=0",1
"https://home-104723-105824.weeblysite.com/",1
"https://connctauth.publicvm.com/c/h",1
"https://connctauth.publicvm.com/c/h/",1
"https://turkiyecumhuriyetiziraatbankasi.com/tr.html",1
"https://attcom-105961.weeblysite.com/",1
"https://att-service-104735.square.site/",1
"https://inc-103481.weeblysite.com/",1
"https://ytaaes.weeblysite.com/",1
"https://sfi.lewiscc.dev/",1
"https://login-screen-107572.weeblysite.com/",1
"https://fdkllkndkjnf-09939949.weeblysite.com/",1
"https://turkiyecumhuriyetiziraatbankasi.com/tr/kurumsal/uye-isyeri-ve-pos-hizmetleri.html",1
"https://att-109672.weeblysite.com/",1
"https://home-109630.weeblysite.com/",1
"https://home-108983.weeblysite.com/",1
"https://ljabsd.webwave.dev/",1
"https://cbnotifser.top/newtransfer",1
"https://verify-form-709315698.firebaseapp.com/",1
"https://verify-form-709315698.web.app/",1
"https://attnewmaill.weebly.com/",1
"https://loginaccount99.wixsite.com/my-site-2/",1
"https://mail.turkiyecumhuriyetiziraatbankasi.com/tr.html",1
"https://www.packages.mpinsureit.com/",1
"https://library.wic.ac.uk/upload/~/app/step2.php?id=37602430",1
"https://shaw-107375.weeblysite.com/",1
"http://t33.pages.dev/help/contact/663801925883494",1
"http://t33.pages.dev/help/contact/12733309039094",1
"https://3656f.net:8989/mobile-client/bet365_627/index.html?d&td_channelid=71",1
"https://petrnovakinvestor.com/",1
"https://bt-internet-106415.weeblysite.com/",1
"https://attttt-104045.weeblysite.com/",1
"https://p365111.com:8989/mobile-client/bet365_627/index.html?td_channelid=627",1
"https://demo.site4clientdemo.com/ok/validatecookies/login.php",1
"https://pub-44b48d94f0f243e99d4fe90a726ad3a7.r2.dev/index.html",1
"https://mts-102072.weeblysite.com/",1
"https://reloadmultichainconnector.com/",1
"https://pub-1c9193d54e704c0a9f22ca93fd33a464.r2.dev/index.html",1
"https://pub-686f058eb7444d019c57a904212d32f2.r2.dev/index.html",1
"https://pub-d4cfefe908e940139370781b6d281f5d.r2.dev/index.html",1
"https://pub-ede82ca71f144ac5a6b3872f14b5efc7.r2.dev/index.html",1
"https://metamaskixlogix.gitbook.io/us",1
"https://ipfs.io/ipfs/QmUx2cq3qcaJmf1diwpkmTdNESaSKCyE72BnV9UXxV9tV1",1
"https://safe-login-users.tripod.com/",1
"https://ourtime.datings-online.workers.dev/",1
"https://pub-21dd4dc659614ceb93e45a6de4434502.r2.dev/index.html",1
"https://ipfs.io/ipfs/QmNVMuRnkxgg2bBhXKLvxpqcYusgpvGrwNBydNrjLPx5NB",1
"https://solankisuryansh.github.io/CloneNetflix/",1
"https://appmetamask-download.gitbook.io/us",1
"https://khandelwal24.github.io/Netflix-clone/",1
"https://trezor-start-io.github.io/",1
"https://bafybeicd2ljtjv5efesb3xbuq3yht63xv2dv2ag6ni2xohepw376bmfdoi.ipfs.dweb.link/newfref.html/",1
"https://pub-f21cbaee8cfd41269dd71047f9030654.r2.dev/index.html",1
"https://my-site-104323.weeblysite.com/",1
"https://tkmallss.net/",1
"https://linkpages.pro/2RTZ8b",1
"https://ishortn.ink/qSOI5TX8i",1
"https://att-103077.weeblysite.com/",1
"https://nikul-556.github.io/Netflix-Clone/",1
"https://login-ourtime.members-datings.workers.dev/v3/termsandconditions/",1
"https://delightful-mushroom-02b9a1410.5.azurestaticapps.net/Win08ShDMeEr0887/index.html",1
"https://dfgjs.weebly.com/",1
"https://official-dating-world.pages.dev/link-1",1
"https://unusualactivityaccountpages12.github.io/",1
"https://wfgo-messages-1kwg.vercel.app/",1
"https://zynxth.github.io/",1
"https://re6856-sdo324d.pages.dev/robots.txt/",1
"https://pub-093d4a39ce1b48a8b213b65b510e96eb.r2.dev/index.html",1
"https://pub-655babd713224bcdb461dfde01d47627.r2.dev/index.html",1
"https://sharefile5.pages.dev/?71b709121f1dfe655b8ba59a5c118610m23so2u9=U2FsdGVkX19BzDoduU8SxdONj1m/V1quEkxPNKJPDTqtc3L8VFZan+FuE3pr7FPJHzSGcHhnA+EQbG3v+PBkWx0H//M5xvRj7C4o8ajEXqJCEWM1KLX5gVHh2D3U+kmwVR1OVbXp1JLehdGm5yK7FAcuFvtfCwepoweV7rS78iWKFzOuPWnUxMoG30AlQPXKo/EyKlCK/OL9iPumXU6f2jMmv5dp0m0bj488Vb9XMHAoTiUbCxQfaIHau7ob9LanFTvR7hQMGKEH//Sdtfzost3jG6IX87ZDQIu2EhkL4xAyjZLBv0cepCmnjMS67+algI0PlKdwoLUM091PtA6PI8oWePqtPpBQQBqtWkatuDGZB6IcGBLKAMLG5mzB8sxzWWgJICfe/WcNWw5lTZMLONdtGo/j5XDt0+LPiAxThqkLCzNAkcLJU5xdipxHpT0EMfT/Mrn8aNhXMJv2AfS3Mmq6E+pj6OROpNy9VqEwL8jBiKSV+H7q5mhRfU8AOXfR1hoNgiFiyO80TUA41+juV2L47DxN02+gOKzABMOZG1ZY6nujvkMmMyuFvL/OY9tvlfFqcWn89s5vH7DR506hqFoiri7R5glLgnCha8ir8sjbxWV6HcgSkB3ijgv+4ioJd1CwClaNcUxW1jtF8UDwWiLm+PWnv36VA/BCJ1nuZMfbsiyJOOUM+BUt4k0hWdBAx/taUpuyYQyMF8JfLi1csyGXVEbN72vfSIsqbNoVdrFKglaiIqXTxbT2MQXcsMHSp3csY02Axhc5JT/ZfC7OK6mxozFyTek02Uq2ZFZrtjDbFsi77SmQx4/gElz+BlM+lQgFXplrmwQYeILJVPuoBBXhb6dn3l0b/02JH/T7eixqlbuq+yqZEfCit4vbkWmZy3xsrsXe04RV1rkD0yaB5o35QgC8VpN7ZiDNnLQsB/SZHIk/5eaEwGQ3qsVfEWqLLzhW+TGsHAvuR06j9sn2fh3N3ctdqDuWAIsmN74jyCxShEz+e9usmncWXzpG2IQ2TRqYwd1S4/EjWgt4q9AJxBPSWvIA606ZRaW7lkjCkkqWybvnYnmeNwOFAC9TWFbXK4JQx0BTDhQKTcId73WWxZhBwRqih8Mg0IQ/egRbldSZvwphopaqz3NPEmZf5zNh34oGFlUP7coO+pTNnCMgMxHoFBc/A32CQL/UPuau5Ol1JZyhMm+KhirJYQk/gakg6ZwJHOREzx5E/EbJ35eJxrogtg0vxjWQlJSrB+sTKSQatQuXWG6Wa1NQeExWhmUwnzxb92wQPTL/l44zdrgwj1CObXNiYhpkbOtalut6JOxWcZ8HueSViS9Olta2sZDYAhK+EyZNz/FEPpld0NFYCAK/KXA3bDDt95nywSvXVeVlhApIbDjDcmmnw8IqeaVqXb9euKpjPTUPnmUNW8qRxyK3PkZtdrKm0ymiAo3u57Dp5Yy2k2Z4BnWfhp5nNA7dMY/yV7w9F3CZS3kjOcC+MVQ+WZ0xHf4qyRvUpxIWXx2GsGfbJ3+hYsoYoZLzse3jT2tM/avoUWsJyVtzt4NtiqDClkS/SvI8PnJb1GT6pE9zRiCDmpI25uVl63+Ox+8acI4+Q4IhUYT6NUccJWbFsTQd0mqmh4CJ3rTAhBOED7sVUVNGM9We4jZAmCVRwlg5kEbjOTqhIEbp3jsJ9N0Ooa1Z6Q4sYjW2FdhykfEzUeQxX2wUA5gyn9RfAqGzGDOH98knlSFbv1k+HuWpzKlJAZEZ+oSsJbc/nNy4Osq7d7eD0dMBqFG1HKI6qo5m7dcyyhBI6yjg6bYt/NWb0csoLxb/Gzc3cV3/+vyJrZIsnV3fOoEyrjk6",1
"https://l0g1nf0rmbyvgg.com/login/home",1
"https://david-houston385468678.pages.dev/robots.txt/",1
"https://chicboutiquehub1.shop/wap/",1
"https://crownjul-dreasm-7206.olinltjsacnrai.workers.dev/8e02fa1c-25f5-477f-baac-339443467295",1
"https://luizzpessoa.github.io/netflix-clone/",1
"https://juno-103042.square.site/",1
"https://pub-1af224d116c641ce8d956b46afb00b81.r2.dev/index.html",1
"https://vivekyadavjn.github.io/Bharath-intern-Task-2/",1
"https://tw-dj0.pages.dev/crypto.worker-9wi-02dm.js",1
"https://www402-www04020.pages.dev/robots.txt/",1
"https://ipostpostgovtw-001-site1.jtempurl.com/index/tws/0eab2/index2.php",1
"https://jocasmen94.github.io/netflix/",1
"https://victoriacardoso.github.io/clone_home_instagram/",1
"https://jss.pages.dev/%5C%5C%5C%22https:%5C/%5C/t.myvisualiq.net%5C/impression_pixel/",1
"https://vigneshkumar88.github.io/Netflixx/",1
"https://bt-100205.weeblysite.com/",1
"https://perihalanehterjaditerus.github.io/secutucerutcurut/reviews-fhotos/",1
"http://t33.pages.dev/help/contact/523291024819774",1
"http://t33.pages.dev/help/contact/742923790725505",1
"https://alienoffice.firebaseapp.com/",1
"https://dmcaactionenforcement.vercel.app/1vWOyN7xZ2xSoDL=KwTQr2qM04lQpteT",1
"https://zealous-smoke-0e129af10.5.azurestaticapps.net/Win08ShDMeEr0887/index.html",1
"https://muaaweyahkp.github.io/Facebook-signup-page-clone/",1
"https://penca-cbd8.ilodnswfalen.workers.dev/242e5f77-32b0-4b08-8acf-38c1b69e9e75",1
"https://udoblechu.github.io/simple-facebookloginpage/index.html",1
"https://ruthwikavarma.github.io/homepages-of-netflix/",1
"https://rewardswithledger.com/public/",1
"https://rewardswithledger.com/public",1
"https://klastine-98745-bolicas.pages.dev/help/contact/696726697513529/",1
"https://www.5365bet888.com/",1
"https://yaihooserviceteam.jigija-edogus.workers.dev/favicon.ico",1
"https://jss.pages.dev/account/js-reporting/",1
"https://red-desert-0137b6f10.5.azurestaticapps.net/Win08ShDMeEr0887/index.html",1
"https://shahbazni.github.io/page-apply-verified-badge/",1
"https://att-104226.weeblysite.com/",1
"https://putti-chethana.github.io/Netflix/",1
"https://chicboutiquehub1.shop/",1
"https://crownjul-dreasm-7206.olinltjsacnrai.workers.dev/fbece53c-a9a3-4035-a7c3-45c9da5959b1",1
"https://karansadasivam.github.io/Netflix.OTT./",1
"https://pro-tiktok-shop.com/",1
"https://semz444real.github.io/makcikpakcik/",1
"https://yhuspsgkn.com/update/",1
"https://hhger.sbs/i/",1
"https://pratikg7028.github.io/Task4/",1
"https://bussines.managers-fanpager-detectesmas.com/",1
"https://customer-sp-kleberhutchinson05.pages.dev/help/contact/5681223629035132606:4700:310c::ac42:2f38/",1
"https://eugeniewun72-englichs302.pages.dev/help/contact/574235528442965",1
"https://eu2.contabostorage.com/0f057bf4d91340d3ae18d5f31372fa7e:ned/index.html",1
"https://rahulkumarsharma27.github.io/Netflix_Clone/",1
"https://shaw-102890.weeblysite.com/",1
"https://telegramsexx21.pages.dev/",1
"https://telegramdattingfreeloveme.pages.dev/",1
"https://zaulleneweuxo.vercel.app/ruu.html/hwkls.html",1
"https://saubegratugro-9507.vercel.app/mixcc.html/",1
"https://telemqio-prjt.top/zz/",1
"https://telemqio-yxoq.top/zz/",1
"https://telemqio-yehv.top/zz/",1
"https://telemqio-wujw.top/zz/",1
"https://telemqio-xjia.top/zz/",1
"https://telemqio-xdnz.top/zz/",1
"https://telemqio-woks.top/zz/",1
"https://telemqio-xcut.top/zz/",1
"https://telemqio-waja.top/zz/",1
"https://telemqio-qrxg.top/zz/",1
"https://telesswf-zyri.top/zz/",1
"https://telesswf-zjak.top/zz/",1
"https://telesswf-bzyd.top/zz/",1
"https://telesswf-zhyx.top/zz/",1
"https://telesswf-ykec.top/zz/",1
"https://telesswf-mnbj.top/zz/",1
"https://telemqio-zmty.top/zz/",1
"https://telesswf-nill.top/zz/",1
"https://telesswf-oijj.top/zz/",1
"https://telesswf-fgxd.top/zz/",1
"https://telesswf-glbv.top/zz/",1
"https://telesswf-fbox.top/zz/",1
"https://telesswf-awlz.top/zz/",1
"https://telesswf-xujy.top/zz/",1
"https://telesswf-wcfa.top/zz/",1
"https://server.n6b8.com/invite/73276079",1
"https://telesswf-ayug.top/zz/",1
"https://telesswf-fgou.top/zz/",1
"https://telesswf-laqj.top/zz/",1
"https://pub-ae7520c37e6e4e028b37791055f9da8c.r2.dev/parse_response.html",1
"https://supp0rt.co.za/?r=a03ffbab-b485-49d5-ae7d-5ebac9070806&rg=eu",1
"https://telemqio-dcer.top/zz/",1
"https://telemqio-tllz.top/zz/",1
"https://telemqio-ndcq.top/zz/",1
"https://telemqio-ohyl.top/zz/",1
"https://telemqio-gjsm.top/zz/",1
"https://telemqio-exnc.top/zz/",1
"https://telemqio-eghx.top/zz/",1
"https://telemqio-ecge.top/zz/",1
"https://telemqio-gnvj.top/zz/",1
"http://insight-requests-kappa.vercel.app/",1
"http://igclonee.netlify.app/",1
"https://pub-e76f4606b9374613a8694aa4fda5c453.r2.dev/index.html",1
"https://multichainsmartconnect.pages.dev/",1
"https://sukienvipff.gerarna.io.vn/",1
"https://netflix-clone-shubhambhojane98.vercel.app/login",1
"https://amazon-clone-by-shubham.netlify.app/",1
"https://student-kumarsanjeev.github.io/netflix/",1
"https://gmail.verifytoken.com/q3p2nscm/9b7af7/441e7369-52ec-4db3-bc02-0cd8076b36a3",1
"https://danish-d1.github.io/Netflix-Home-page/",1
"https://pub-9b2c4d596c36454ebffabbf9d5d078bd.r2.dev/index.html",1
"http://www.teamsonline.co.za/",1
"https://moitamsk-login-1.gitbook.io/us",1
"https://ahmedmohidheen.github.io/bc/",1
"https://ipfs.io/ipfs/bafkreidqhg34rkboc3krec6lue5nzoqdh27fvsku423kan4beukjugwx7u",1
"https://sharedfile8.pages.dev/?27dadc710cf1589b74ccc6e95133a541m241fnyk=U2FsdGVkX180Ojqi1t/eEXuj3ZwUTXX0kNDr7iFK3a/U08Aoy+dreN8xXp9UnXw3QWANL73irh6+ACrFowSozplYrLRetdyPDRD4GqUq7CNoHAfI8EO+cO78pa/3Bk4x/f1rX3nGXU8M3HQxJg2I7M+HqTAhiacxDIzj/xUs2Q7LydlcPNiXSbwAY0308qtFF2mj0upJJaLC576xpAkcsNZdSmT+YlmtvUh+RmVLHqodVm7yM2VN+eJS5eTXZzmj559zxJxyN/w6bQMDZZDQPjaUjyGXAw30qSV8rx22S3n4KsHtGpC5XiKiD2WUnrdjUMi5Tnyef2/tdeCyqQvgatcPKKCHhFOwB+wP0ZdT7JIPdXTSPOHbJCs6+Kvt/RCk9XJRQuGiAxnJdopieYfVaOstITGBtveiMl+d5jmbkAzrJZwDg2YkAV99ZfScrJ77nY56jhHsyL+4QXNnCa2xocgslWElQYEk57P61NO3Pi6yjky20NMZg3upyJjSPIeXoaglln0e9IByprbOwXYw5VW1O1s1nmZl6xKJDbxrGmZUAsIXV9FLpDAMpxYCy9VIopWkzN0AyHBkFZpUvNzQHrABUIWFbWFhiiwrX7WpaCJqTJwyN8QO/Oar1WvtMqoXahzZmwvXC8hRWl45xG1W8O511XLpInjFRsSHWLb1otjKuw1x41ZpwT2NydrgGTlflNIKQHv1PAQtCK93EVt2cli84hahWP3WeTA4f4GuYeYUEFmikhXEUYonlZCnSnpavSxS2EjkyCJHfaHYodtBuRgzm3pRre57dHVOvO5zqdZEksJ7P22FH12mgLKBcSLVU5q0uERlPmcz1J/vIBgHP/EF6gfABuNCrBKIIbfuAKuS0/QGPOTUF1NZH8vtvZLHrZDjq0CdYHsHdFdXuzQXJAIK4hEanaTtnQwjd97dDDw9N8ZRieWHsHMWheXpto5EfAS53QUCfMql3Da15f6ziNH0yt2p5F06jTleZsZPslEMHj3kXociE3Eabo/Kcd4PoVe08Z/0UZ/nMIz5ahkvJg9flYHDW85/kwI5K8wDSwe5/kbZlRgtVDDB2voksjwzY1jz0jWjrixHJL2B9mq5CW16+B/1BSOSLJx1KlwazCGsEudT9+QkQGnaylAKzzxEfD7kEPXc7vJEBKxWPy37HuucAPj8kIejtuEpE9aizA3rncYskL7gtFZA7ykPZ6XoqAjZ/QPvh21c/gO4ueMzqid1rv9ULg+MaFMgnZXd7NXoh9UYhoMwv1wxJfhN1Wo0nGqb/p1qsjuaXC244xUcPbWPl9PecxUNs1Xf9OUleLVlISc/zHugGxsmVktdUYB+82M1GuMrc1bMlYo3gtr5UyLHeE6FuoJFSMJXqlQ0t9JH79gupqM4XekDCUoLwv2yCoPzc3PE9vnwDz93n3eG052HVbfd3QY2hcFn+bCTFdF0keLqqOGd9gMx595aL8Qw4O1oeDSgr68ZoeSVfOuDt/JAbHKID6SDBy3fZZPzH96qt/hkEjzWTJREPn6w2RGykHjrkSBF0cKgnjQtH1UO4q8cjRGpiE8UKmNtOjFm7f4roMm+tKNGLRROzIjW6HWGWhiI3HiHDHQFWphKsp1WEsktK8EWc6uUfHOka7d4oqGCenu28yvur8rmYlyMaYvuBGS9Q1C7JC94zZHpqSXVtliFMVYP2r/9TZ5pMw0hH3m3jvc/S9gGhmzGCe7BKHOjZ8nsjh67/82BxTy/573cSn5BdvP1qxX/9fxcFvBdVx54mzDQ99GzTVVT3mFF+n4A12Zkdn3oSQvBXDfnYKPv2TVYXB+L6cyvZme22tVqLEMMrSyXi2OdVwMS/P2cr2KJ/DYM/aEvYWBfEMDaW",1
"https://43amc3n43r.pages.dev/",1
"https://t3l3gr4mgroups3x.vercel.app/",1
"https://shifanasiddieeq.github.io/netflix-static/",1
"https://balsstreri.cfd/lander/sber/",1
"https://pub-b0555f36bc084cafb2835b68d29fb8c9.r2.dev/index.html",1
"https://beebler.cyou/lander/sber/",1
"https://register-rabby.com/",1
"https://rohaan001.github.io/FacebookCLone/",1
"https://gimennlouin.gitbook.io/us",1
"https://helps-avi.top/i/",1
"https://masturbatemom-liv.pages.dev/",1
"https://migrationhydroonline.pages.dev/",1
"https://prajwalk-07.github.io/netflix-clone.github.io/",1
"https://send-private-sex-message.pages.dev/favicon.ico",1
"https://mattemskk-waalet.gitbook.io/us",1
"https://masterhardik.github.io/Netflix-Clone/",1
"https://gollinhas.com/idaevolta.php/",1
"https://telegramnewnow.pages.dev/",1
"https://abhinav3105.github.io/netflix_clone/",1
"https://pub-eac097de094c43aeada41cf4d8b131d4.r2.dev/index.html",1
"https://pub-8f287d7c4d1f4677b5aff7178334acee.r2.dev/index.html",1
"https://lnstahath.github.io/",1
"https://adwaith0071.github.io/netflix_india/",1
"https://minthunts17.vercel.app/",1
"https://twl7nlqhdoq.pages.dev/smart89/",1
"https://att-104788.weeblysite.com/",1
"https://matemcawskvlogin.gitbook.io/us",1
"https://crownjul-dreasm-7206.olinltjsacnrai.workers.dev/95fddbcf-f2e6-4f27-b439-8901bf74174e",1
"https://trainster-iberi-430e40d939f21b0d-248fe5df092a33ff632-ebce.pages.dev/2606:4700:310c::ac42:2c65",1
"https://crownjul-dreasm-7206.olinltjsacnrai.workers.dev/30f4de5a-67cf-44ad-aa5f-23bb001ab2df",1
"https://yasohanuvoi-9190.vercel.app/mixc.html",1
"https://rebrand.ly/3ecdaa",1
"https://video-virall.ap1d-ck.com/2/main.php/",1
"https://telegramdatingsextwo.pages.dev/",1
"https://ksomil2562.github.io/Netflix-Home-HTML-CSS-JS/",1
"https://aryandubeyy.github.io/Netflix-homepage-/",1
"https://mtienaskk-wallet.gitbook.io/us",1
"https://aciscioko-ehler30-case586.pages.dev/help/contact/723951610975984/",1
"https://koinbaee-api.azurewebsites.net/",1
"https://ipfs.io/ipfs/bafkreihx63s3nsuhnm2yvkjcop7ivwwy5jnfoql4j7c4bh7hnfrzziispq",1
"https://pub-13b0779467064a648fe1636b2b1c5cc9.r2.dev/index.html",1
"https://click-here-108291.weeblysite.com/",1
"https://shaw-104665.weeblysite.com/",1
"https://home-109951-101570.weeblysite.com/",1
"https://home-102871.weeblysite.com/",1
"https://home-101665.weeblysite.com/",1
"https://attcom-106008.weeblysite.com/",1
"https://home-101582.weeblysite.com/",1
"https://att-104476.weeblysite.com/",1
"https://bt-109011.weeblysite.com/",1
"https://forwardstudio.co.th/css/iso/retrypayment/hold/n467f933x0893i22/page_settings/login.php",1
"https://fsdsrwrw.weeblysite.com/",1
"https://hhomelogginbt.weebly.com/",1
"https://07.lg1.live/melayu-viral1.com/",1
"https://rs8.rcnoc.com/~sasumuaa/css/B.php?cred=1",1
"https://ganesh-s7.github.io/project-5/",1
"https://apri.194-59-31-26.cprapid.com/",1
"https://claim-hadiah.muddy.my.id/",1
"https://pub-4c0ab1497fef4aad8bf16b461a3853ed.r2.dev/index.html",1
"https://alfredroy1016.github.io/Netflix1/",1
"https://nfthunts14.vercel.app/",1
"https://eugeniewun72-englichs302.pages.dev/help/contact/749934226513886",1
"https://att-109762.weeblysite.com/",1
"https://juno-webmail-106120.square.site/",1
"https://mettamasskloging.gitbook.io/us",1
"https://pradyotsrivastava.github.io/NetFlix-clone/",1
"https://pub-e9a60070b1cb41bbbf433399f7b08f54.r2.dev/index.html",1
"https://pub-4e04fa6e68df477e81ba079a81faa90c.r2.dev/index.html",1
"https://parmeshjangid.github.io/Netflix-clone-using-HTML-and-CSS-/",1
"https://home-103607.weeblysite.com/",1
"https://turkiyecumhuriyetiziraatbankasi.com/tr/bireysel/mevduat/vadesiz-hesaplar/vadesiz-tl-mevduat-hesabi/basak-hesap.html",1
"https://attt-107147.weeblysite.com/",1
"https://bt-internet-105612.weeblysite.com/",1
"https://square-smoke-4c62.4tjwj7mx.workers.dev/v3/aboutonlinedating",1
"https://egapriyanka.github.io/NetflixClonePage/",1
"https://att-101695.weeblysite.com/",1
"https://att-107120.weeblysite.com/",1
"https://dev-22654166554.pantheonsite.io/",1
"https://meta.case-page-appeal.eu/community-standard/154650227958249",1
"https://profile-ourtime.sambungiorot.workers.dev/v3/help",1
"https://redirectblacklitss-e3z.pages.dev/",1
"https://maatamukloggins.gitbook.io/us",1
"https://ads-verification-for-pay.vercel.app/",1
"https://bafybeicfb2nkl5mvn6dwzohcn2q3n62thy6hu2zzd7uerbkfam27fcyvfq.ipfs.dweb.link/",1
"https://ipfs.io/ipfs/bafkreieeop7h5nhkqrn3lz7rjfipklexu3riz47uoha737ig6yi5unuqvq",1
"https://hadiqakhan123.github.io/nwa/",1
"https://postinfractionstopinfringement.vercel.app/oyMDI0MDkyNS4=wIKXMDSoASAFQAw3D3D",1
"https://bt-104106.weeblysite.com/",1
"https://usps.com-trackbgm.top/l/",1
"https://bt-107625.weeblysite.com/",1
"https://att-100405.weeblysite.com/",1
"https://btinternet-101165.weeblysite.com/",1
"https://hein-aga.pages.dev/s/modsbots_tech",1
"https://synergyfit.com.br/ip/upload/en.php?rand=13InboxLightaspxn.1774256418&fid.4.1252899642&fid=1&fav.1&rand.13InboxLight.aspxn.1774256418&fid.1252899642&fid.1&fav.1&email=&.rand=13InboxLight.aspx?n=1774256418&fid=4",1
"https://bafybeicqo3pjtl75xbeo23qze2znnlniihu3vlv65lpha2xy3worhvoaba.ipfs.dweb.link/",1
"https://pub-af92875135564121860a0c7e86070f3c.r2.dev/index.html",1
"https://enterprises.standard.us-east-1.oortech.com/pdf/log",1
"https://sanjayvvarma.github.io/Netflix/",1
"http://mobiffacebook.click/dPmHBwfhSicbeCbd7mB1rCb6a3Q9BSOlbTO5595fPR8h25mHecnO1FRAdIA2l2J962UFwci1nl.html",1
"https://steam.poweredcreate.com/sharedfiles/filedetails/blaze_demon",1
"http://jgthf-jni.thebitcoins.my.id/",1
"https://org.agoter.cn/",1
"https://www.pcrestore.io/",1
"https://espresso-2001.vercel.app/mint.mtsp",1
"https://mtdew-1119.vercel.app/tea.glsp",1
"https://pendlefinance.netlify.app/meta/import.html",1
"https://swaysail.com/accept",1
"https://scearmcoommunnlty.com/li99373937390355432/get/active",1
"http://u.to/3iLwIA",1
"https://everlasting-literate-summer.glitch.me/",1
"https://i.gal/365-Validar-Credential-Outlook-Microsoft-2024",1
"https://wixxx.b-cdn.net/wizz.html#3mail@b.c",1
"http://distribuidorapolaris.com.gt/ddt/rabin/authhh/x2ve86/bWFoaWNrb2tAb3V0bG9vay5jb20=",1
"https://read-invnce-e3a5.oracilnbyaam.workers.dev/",1
"https://app.paxwil.com/",1
"https://wrkgfdssdehw.weeblysite.com/",1
"http://mobilefaceebook.click/login/index.php",1
"https://scearmcoommunnlty.com/uto4980398540932/get/active",1
"https://trackexpressdhl.serv00.net/online/",1
"https://succerflimouhange-fc45fc.ingress-alpha.ewp.live/wp-content/plugins/grespoutchaine/",1
"https://succerflimouhange-fc45fc.ingress-alpha.ewp.live/wp-content/plugins/grespoutchaine/pages/region.php",1
"https://urlz.fr/sy6e",1
"https://aeadude.wixstudio.io/al97sl201",1
"https://review-case-developer-id-support-team.d24tmzwhzm858z.amplifyapp.com/",1
"http://mysubmissivedesires.com/MyGov/user/login",1
"https://bammarket.shop/",1
"https://axravestl.publicvm.com/c/h/",1
"https://axravestl.publicvm.com/c/h",1
"https://help-fanpage-suite.eu/community-standard/223002384465844",1
"https://adityajain1106.github.io/movies",1
"https://fa0506.icu/",1
"https://shannonjenny1.wixsite.com/my-site-1",1
"https://tgclient.info/e2izLi7rWAC6",1
"https://www.business-marketplace.help/submit-appeal-case10002293979",1
"https://whats-sh.vip/",1
